"REF_DATE","GEO","DGUID","Rates","UOM","UOM_ID","SCALAR_FACTOR","SCALAR_ID","VECTOR","COORDINATE","VALUE","STATUS","SYMBOL","TERMINATED","DECIMALS"
"1990-01","Canada","2016A000011124","Bank rate","Percent","239","units ","0","v122530","1.2","12.29","","","","2"
"1990-01","Canada","2016A000011124","Average residential mortgage lending rate: 5 year","Percent","239","units ","0","v122497","1.69","12.01","","","t","2"
"1990-02","Canada","2016A000011124","Bank rate","Percent","239","units ","0","v122530","1.2","13.25","","","","2"
"1990-02","Canada","2016A000011124","Average residential mortgage lending rate: 5 year","Percent","239","units ","0","v122497","1.69","12.42","","","t","2"
"1990-03","Canada","2016A000011124","Bank rate","Percent","239","units ","0","v122530","1.2","13.38","","","","2"
"1990-03","Canada","2016A000011124","Average residential mortgage lending rate: 5 year","Percent","239","units ","0","v122497","1.69","12.92","","","t","2"
"1990-04","Canada","2016A000011124","Bank rate","Percent","239","units ","0","v122530","1.2","13.77","","","","2"
"1990-04","Canada","2016A000011124","Average residential mortgage lending rate: 5 year","Percent","239","units ","0","v122497","1.69","13.67","","","t","2"
"1990-05","Canada","2016A000011124","Bank rate","Percent","239","units ","0","v122530","1.2","14.05","","","","2"
"1990-05","Canada","2016A000011124","Average residential mortgage lending rate: 5 year","Percent","239","units ","0","v122497","1.69","14.21","","","t","2"
"1990-06","Canada","2016A000011124","Bank rate","Percent","239","units ","0","v122530","1.2","13.90","","","","2"
"1990-06","Canada","2016A000011124","Average residential mortgage lending rate: 5 year","Percent","239","units ","0","v122497","1.69","14.03","","","t","2"
"1990-07","Canada","2016A000011124","Bank rate","Percent","239","units ","0","v122530","1.2","13.59","","","","2"
"1990-07","Canada","2016A000011124","Average residential mortgage lending rate: 5 year","Percent","239","units ","0","v122497","1.69","13.97","","","t","2"
"1990-08","Canada","2016A000011124","Bank rate","Percent","239","units ","0","v122530","1.2","13.01","","","","2"
"1990-08","Canada","2016A000011124","Average residential mortgage lending rate: 5 year","Percent","239","units ","0","v122497","1.69","13.56","","","t","2"
"1990-09","Canada","2016A000011124","Bank rate","Percent","239","units ","0","v122530","1.2","12.61","","","","2"
"1990-09","Canada","2016A000011124","Average residential mortgage lending rate: 5 year","Percent","239","units ","0","v122497","1.69","13.40","","","t","2"
"1990-10","Canada","2016A000011124","Bank rate","Percent","239","units ","0","v122530","1.2","12.66","","","","2"
"1990-10","Canada","2016A000011124","Average residential mortgage lending rate: 5 year","Percent","239","units ","0","v122497","1.69","13.21","","","t","2"
"1990-11","Canada","2016A000011124","Bank rate","Percent","239","units ","0","v122530","1.2","12.25","","","","2"
"1990-11","Canada","2016A000011124","Average residential mortgage lending rate: 5 year","Percent","239","units ","0","v122497","1.69","13.04","","","t","2"
"1990-12","Canada","2016A000011124","Bank rate","Percent","239","units ","0","v122530","1.2","11.78","","","","2"
"1990-12","Canada","2016A000011124","Average residential mortgage lending rate: 5 year","Percent","239","units ","0","v122497","1.69","12.49","","","t","2"
"1991-01","Canada","2016A000011124","Bank rate","Percent","239","units ","0","v122530","1.2","10.88","","","","2"
"1991-01","Canada","2016A000011124","Average residential mortgage lending rate: 5 year","Percent","239","units ","0","v122497","1.69","12.13","","","t","2"
"1991-02","Canada","2016A000011124","Bank rate","Percent","239","units ","0","v122530","1.2","10.02","","","","2"
"1991-02","Canada","2016A000011124","Average residential mortgage lending rate: 5 year","Percent","239","units ","0","v122497","1.69","11.58","","","t","2"
"1991-03","Canada","2016A000011124","Bank rate","Percent","239","units ","0","v122530","1.2","9.92","","","","2"
"1991-03","Canada","2016A000011124","Average residential mortgage lending rate: 5 year","Percent","239","units ","0","v122497","1.69","11.45","","","t","2"
"1991-04","Canada","2016A000011124","Bank rate","Percent","239","units ","0","v122530","1.2","9.66","","","","2"
"1991-04","Canada","2016A000011124","Average residential mortgage lending rate: 5 year","Percent","239","units ","0","v122497","1.69","11.27","","","t","2"
"1991-05","Canada","2016A000011124","Bank rate","Percent","239","units ","0","v122530","1.2","9.07","","","","2"
"1991-05","Canada","2016A000011124","Average residential mortgage lending rate: 5 year","Percent","239","units ","0","v122497","1.69","11.23","","","t","2"
"1991-06","Canada","2016A000011124","Bank rate","Percent","239","units ","0","v122530","1.2","8.91","","","","2"
"1991-06","Canada","2016A000011124","Average residential mortgage lending rate: 5 year","Percent","239","units ","0","v122497","1.69","11.24","","","t","2"
"1991-07","Canada","2016A000011124","Bank rate","Percent","239","units ","0","v122530","1.2","8.94","","","","2"
"1991-07","Canada","2016A000011124","Average residential mortgage lending rate: 5 year","Percent","239","units ","0","v122497","1.69","11.31","","","t","2"
"1991-08","Canada","2016A000011124","Bank rate","Percent","239","units ","0","v122530","1.2","8.80","","","","2"
"1991-08","Canada","2016A000011124","Average residential mortgage lending rate: 5 year","Percent","239","units ","0","v122497","1.69","11.47","","","t","2"
"1991-09","Canada","2016A000011124","Bank rate","Percent","239","units ","0","v122530","1.2","8.68","","","","2"
"1991-09","Canada","2016A000011124","Average residential mortgage lending rate: 5 year","Percent","239","units ","0","v122497","1.69","11.38","","","t","2"
"1991-10","Canada","2016A000011124","Bank rate","Percent","239","units ","0","v122530","1.2","8.17","","","","2"
"1991-10","Canada","2016A000011124","Average residential mortgage lending rate: 5 year","Percent","239","units ","0","v122497","1.69","10.84","","","t","2"
"1991-11","Canada","2016A000011124","Bank rate","Percent","239","units ","0","v122530","1.2","7.69","","","","2"
"1991-11","Canada","2016A000011124","Average residential mortgage lending rate: 5 year","Percent","239","units ","0","v122497","1.69","10.14","","","t","2"
"1991-12","Canada","2016A000011124","Bank rate","Percent","239","units ","0","v122530","1.2","7.67","","","","2"
"1991-12","Canada","2016A000011124","Average residential mortgage lending rate: 5 year","Percent","239","units ","0","v122497","1.69","9.84","","","t","2"
"1992-01","Canada","2016A000011124","Bank rate","Percent","239","units ","0","v122530","1.2","7.08","","","","2"
"1992-01","Canada","2016A000011124","Average residential mortgage lending rate: 5 year","Percent","239","units ","0","v122497","1.69","9.71","","","t","2"
"1992-02","Canada","2016A000011124","Bank rate","Percent","239","units ","0","v122530","1.2","7.56","","","","2"
"1992-02","Canada","2016A000011124","Average residential mortgage lending rate: 5 year","Percent","239","units ","0","v122497","1.69","9.68","","","t","2"
"1992-03","Canada","2016A000011124","Bank rate","Percent","239","units ","0","v122530","1.2","7.65","","","","2"
"1992-03","Canada","2016A000011124","Average residential mortgage lending rate: 5 year","Percent","239","units ","0","v122497","1.69","10.06","","","t","2"
"1992-04","Canada","2016A000011124","Bank rate","Percent","239","units ","0","v122530","1.2","6.85","","","","2"
"1992-04","Canada","2016A000011124","Average residential mortgage lending rate: 5 year","Percent","239","units ","0","v122497","1.69","10.37","","","t","2"
"1992-05","Canada","2016A000011124","Bank rate","Percent","239","units ","0","v122530","1.2","6.50","","","","2"
"1992-05","Canada","2016A000011124","Average residential mortgage lending rate: 5 year","Percent","239","units ","0","v122497","1.69","10.14","","","t","2"
"1992-06","Canada","2016A000011124","Bank rate","Percent","239","units ","0","v122530","1.2","5.91","","","","2"
"1992-06","Canada","2016A000011124","Average residential mortgage lending rate: 5 year","Percent","239","units ","0","v122497","1.69","9.72","","","t","2"
"1992-07","Canada","2016A000011124","Bank rate","Percent","239","units ","0","v122530","1.2","5.50","","","","2"
"1992-07","Canada","2016A000011124","Average residential mortgage lending rate: 5 year","Percent","239","units ","0","v122497","1.69","9.26","","","t","2"
"1992-08","Canada","2016A000011124","Bank rate","Percent","239","units ","0","v122530","1.2","5.11","","","","2"
"1992-08","Canada","2016A000011124","Average residential mortgage lending rate: 5 year","Percent","239","units ","0","v122497","1.69","8.72","","","t","2"
"1992-09","Canada","2016A000011124","Bank rate","Percent","239","units ","0","v122530","1.2","5.69","","","","2"
"1992-09","Canada","2016A000011124","Average residential mortgage lending rate: 5 year","Percent","239","units ","0","v122497","1.69","8.54","","","t","2"
"1992-10","Canada","2016A000011124","Bank rate","Percent","239","units ","0","v122530","1.2","7.37","","","","2"
"1992-10","Canada","2016A000011124","Average residential mortgage lending rate: 5 year","Percent","239","units ","0","v122497","1.69","9.23","","","t","2"
"1992-11","Canada","2016A000011124","Bank rate","Percent","239","units ","0","v122530","1.2","8.82","","","","2"
"1992-11","Canada","2016A000011124","Average residential mortgage lending rate: 5 year","Percent","239","units ","0","v122497","1.69","9.33","","","t","2"
"1992-12","Canada","2016A000011124","Bank rate","Percent","239","units ","0","v122530","1.2","7.36","","","","2"
"1992-12","Canada","2016A000011124","Average residential mortgage lending rate: 5 year","Percent","239","units ","0","v122497","1.69","9.48","","","t","2"
"1993-01","Canada","2016A000011124","Bank rate","Percent","239","units ","0","v122530","1.2","6.81","","","","2"
"1993-01","Canada","2016A000011124","Average residential mortgage lending rate: 5 year","Percent","239","units ","0","v122497","1.69","9.47","","","t","2"
"1993-02","Canada","2016A000011124","Bank rate","Percent","239","units ","0","v122530","1.2","6.09","","","","2"
"1993-02","Canada","2016A000011124","Average residential mortgage lending rate: 5 year","Percent","239","units ","0","v122497","1.69","9.44","","","t","2"
"1993-03","Canada","2016A000011124","Bank rate","Percent","239","units ","0","v122530","1.2","5.36","","","","2"
"1993-03","Canada","2016A000011124","Average residential mortgage lending rate: 5 year","Percent","239","units ","0","v122497","1.69","8.97","","","t","2"
"1993-04","Canada","2016A000011124","Bank rate","Percent","239","units ","0","v122530","1.2","5.60","","","","2"
"1993-04","Canada","2016A000011124","Average residential mortgage lending rate: 5 year","Percent","239","units ","0","v122497","1.69","8.89","","","t","2"
"1993-05","Canada","2016A000011124","Bank rate","Percent","239","units ","0","v122530","1.2","5.10","","","","2"
"1993-05","Canada","2016A000011124","Average residential mortgage lending rate: 5 year","Percent","239","units ","0","v122497","1.69","8.88","","","t","2"
"1993-06","Canada","2016A000011124","Bank rate","Percent","239","units ","0","v122530","1.2","4.79","","","","2"
"1993-06","Canada","2016A000011124","Average residential mortgage lending rate: 5 year","Percent","239","units ","0","v122497","1.69","8.86","","","t","2"
"1993-07","Canada","2016A000011124","Bank rate","Percent","239","units ","0","v122530","1.2","4.41","","","","2"
"1993-07","Canada","2016A000011124","Average residential mortgage lending rate: 5 year","Percent","239","units ","0","v122497","1.69","8.68","","","t","2"
"1993-08","Canada","2016A000011124","Bank rate","Percent","239","units ","0","v122530","1.2","4.90","","","","2"
"1993-08","Canada","2016A000011124","Average residential mortgage lending rate: 5 year","Percent","239","units ","0","v122497","1.69","8.58","","","t","2"
"1993-09","Canada","2016A000011124","Bank rate","Percent","239","units ","0","v122530","1.2","4.90","","","","2"
"1993-09","Canada","2016A000011124","Average residential mortgage lending rate: 5 year","Percent","239","units ","0","v122497","1.69","8.57","","","t","2"
"1993-10","Canada","2016A000011124","Bank rate","Percent","239","units ","0","v122530","1.2","4.63","","","","2"
"1993-10","Canada","2016A000011124","Average residential mortgage lending rate: 5 year","Percent","239","units ","0","v122497","1.69","8.55","","","t","2"
"1993-11","Canada","2016A000011124","Bank rate","Percent","239","units ","0","v122530","1.2","4.36","","","","2"
"1993-11","Canada","2016A000011124","Average residential mortgage lending rate: 5 year","Percent","239","units ","0","v122497","1.69","7.84","","","t","2"
"1993-12","Canada","2016A000011124","Bank rate","Percent","239","units ","0","v122530","1.2","4.11","","","","2"
"1993-12","Canada","2016A000011124","Average residential mortgage lending rate: 5 year","Percent","239","units ","0","v122497","1.69","7.71","","","t","2"
"1994-01","Canada","2016A000011124","Bank rate","Percent","239","units ","0","v122530","1.2","3.88","","","","2"
"1994-01","Canada","2016A000011124","Average residential mortgage lending rate: 5 year","Percent","239","units ","0","v122497","1.69","7.33","","","t","2"
"1994-02","Canada","2016A000011124","Bank rate","Percent","239","units ","0","v122530","1.2","4.10","","","","2"
"1994-02","Canada","2016A000011124","Average residential mortgage lending rate: 5 year","Percent","239","units ","0","v122497","1.69","7.20","","","t","2"
"1994-03","Canada","2016A000011124","Bank rate","Percent","239","units ","0","v122530","1.2","5.64","","","","2"
"1994-03","Canada","2016A000011124","Average residential mortgage lending rate: 5 year","Percent","239","units ","0","v122497","1.69","7.89","","","t","2"
"1994-04","Canada","2016A000011124","Bank rate","Percent","239","units ","0","v122530","1.2","6.07","","","","2"
"1994-04","Canada","2016A000011124","Average residential mortgage lending rate: 5 year","Percent","239","units ","0","v122497","1.69","9.43","","","t","2"
"1994-05","Canada","2016A000011124","Bank rate","Percent","239","units ","0","v122530","1.2","6.31","","","","2"
"1994-05","Canada","2016A000011124","Average residential mortgage lending rate: 5 year","Percent","239","units ","0","v122497","1.69","9.48","","","t","2"
"1994-06","Canada","2016A000011124","Bank rate","Percent","239","units ","0","v122530","1.2","6.92","","","","2"
"1994-06","Canada","2016A000011124","Average residential mortgage lending rate: 5 year","Percent","239","units ","0","v122497","1.69","9.80","","","t","2"
"1994-07","Canada","2016A000011124","Bank rate","Percent","239","units ","0","v122530","1.2","6.04","","","","2"
"1994-07","Canada","2016A000011124","Average residential mortgage lending rate: 5 year","Percent","239","units ","0","v122497","1.69","10.69","","","t","2"
"1994-08","Canada","2016A000011124","Bank rate","Percent","239","units ","0","v122530","1.2","5.60","","","","2"
"1994-08","Canada","2016A000011124","Average residential mortgage lending rate: 5 year","Percent","239","units ","0","v122497","1.69","10.33","","","t","2"
"1994-09","Canada","2016A000011124","Bank rate","Percent","239","units ","0","v122530","1.2","5.54","","","","2"
"1994-09","Canada","2016A000011124","Average residential mortgage lending rate: 5 year","Percent","239","units ","0","v122497","1.69","10.01","","","t","2"
"1994-10","Canada","2016A000011124","Bank rate","Percent","239","units ","0","v122530","1.2","5.62","","","","2"
"1994-10","Canada","2016A000011124","Average residential mortgage lending rate: 5 year","Percent","239","units ","0","v122497","1.69","9.84","","","t","2"
"1994-11","Canada","2016A000011124","Bank rate","Percent","239","units ","0","v122530","1.2","6.04","","","","2"
"1994-11","Canada","2016A000011124","Average residential mortgage lending rate: 5 year","Percent","239","units ","0","v122497","1.69","9.85","","","t","2"
"1994-12","Canada","2016A000011124","Bank rate","Percent","239","units ","0","v122530","1.2","7.43","","","","2"
"1994-12","Canada","2016A000011124","Average residential mortgage lending rate: 5 year","Percent","239","units ","0","v122497","1.69","10.25","","","t","2"
"1995-01","Canada","2016A000011124","Bank rate","Percent","239","units ","0","v122530","1.2","8.38","","","","2"
"1995-01","Canada","2016A000011124","Average residential mortgage lending rate: 5 year","Percent","239","units ","0","v122497","1.69","10.60","","","t","2"
"1995-02","Canada","2016A000011124","Bank rate","Percent","239","units ","0","v122530","1.2","8.38","","","","2"
"1995-02","Canada","2016A000011124","Average residential mortgage lending rate: 5 year","Percent","239","units ","0","v122497","1.69","10.48","","","t","2"
"1995-03","Canada","2016A000011124","Bank rate","Percent","239","units ","0","v122530","1.2","8.47","","","","2"
"1995-03","Canada","2016A000011124","Average residential mortgage lending rate: 5 year","Percent","239","units ","0","v122497","1.69","9.93","","","t","2"
"1995-04","Canada","2016A000011124","Bank rate","Percent","239","units ","0","v122530","1.2","8.17","","","","2"
"1995-04","Canada","2016A000011124","Average residential mortgage lending rate: 5 year","Percent","239","units ","0","v122497","1.69","9.66","","","t","2"
"1995-05","Canada","2016A000011124","Bank rate","Percent","239","units ","0","v122530","1.2","7.64","","","","2"
"1995-05","Canada","2016A000011124","Average residential mortgage lending rate: 5 year","Percent","239","units ","0","v122497","1.69","8.98","","","t","2"
"1995-06","Canada","2016A000011124","Bank rate","Percent","239","units ","0","v122530","1.2","6.97","","","","2"
"1995-06","Canada","2016A000011124","Average residential mortgage lending rate: 5 year","Percent","239","units ","0","v122497","1.69","8.67","","","t","2"
"1995-07","Canada","2016A000011124","Bank rate","Percent","239","units ","0","v122530","1.2","6.87","","","","2"
"1995-07","Canada","2016A000011124","Average residential mortgage lending rate: 5 year","Percent","239","units ","0","v122497","1.69","8.54","","","t","2"
"1995-08","Canada","2016A000011124","Bank rate","Percent","239","units ","0","v122530","1.2","6.59","","","","2"
"1995-08","Canada","2016A000011124","Average residential mortgage lending rate: 5 year","Percent","239","units ","0","v122497","1.69","8.94","","","t","2"
"1995-09","Canada","2016A000011124","Bank rate","Percent","239","units ","0","v122530","1.2","6.71","","","","2"
"1995-09","Canada","2016A000011124","Average residential mortgage lending rate: 5 year","Percent","239","units ","0","v122497","1.69","8.95","","","t","2"
"1995-10","Canada","2016A000011124","Bank rate","Percent","239","units ","0","v122530","1.2","7.65","","","","2"
"1995-10","Canada","2016A000011124","Average residential mortgage lending rate: 5 year","Percent","239","units ","0","v122497","1.69","8.75","","","t","2"
"1995-11","Canada","2016A000011124","Bank rate","Percent","239","units ","0","v122530","1.2","6.07","","","","2"
"1995-11","Canada","2016A000011124","Average residential mortgage lending rate: 5 year","Percent","239","units ","0","v122497","1.69","8.66","","","t","2"
"1995-12","Canada","2016A000011124","Bank rate","Percent","239","units ","0","v122530","1.2","5.79","","","","2"
"1995-12","Canada","2016A000011124","Average residential mortgage lending rate: 5 year","Percent","239","units ","0","v122497","1.69","8.46","","","t","2"
"1996-01","Canada","2016A000011124","Bank rate","Percent","239","units ","0","v122530","1.2","5.37","","","","2"
"1996-01","Canada","2016A000011124","Average residential mortgage lending rate: 5 year","Percent","239","units ","0","v122497","1.69","8.02","","","t","2"
"1996-02","Canada","2016A000011124","Bank rate","Percent","239","units ","0","v122530","1.2","5.50","","","","2"
"1996-02","Canada","2016A000011124","Average residential mortgage lending rate: 5 year","Percent","239","units ","0","v122497","1.69","7.79","","","t","2"
"1996-03","Canada","2016A000011124","Bank rate","Percent","239","units ","0","v122530","1.2","5.25","","","","2"
"1996-03","Canada","2016A000011124","Average residential mortgage lending rate: 5 year","Percent","239","units ","0","v122497","1.69","8.16","","","t","2"
"1996-04","Canada","2016A000011124","Bank rate","Percent","239","units ","0","v122530","1.2","5.00","","","","2"
"1996-04","Canada","2016A000011124","Average residential mortgage lending rate: 5 year","Percent","239","units ","0","v122497","1.69","8.48","","","t","2"
"1996-05","Canada","2016A000011124","Bank rate","Percent","239","units ","0","v122530","1.2","5.00","","","","2"
"1996-05","Canada","2016A000011124","Average residential mortgage lending rate: 5 year","Percent","239","units ","0","v122497","1.69","8.47","","","t","2"
"1996-06","Canada","2016A000011124","Bank rate","Percent","239","units ","0","v122530","1.2","5.00","","","","2"
"1996-06","Canada","2016A000011124","Average residential mortgage lending rate: 5 year","Percent","239","units ","0","v122497","1.69","8.48","","","t","2"
"1996-07","Canada","2016A000011124","Bank rate","Percent","239","units ","0","v122530","1.2","4.75","","","","2"
"1996-07","Canada","2016A000011124","Average residential mortgage lending rate: 5 year","Percent","239","units ","0","v122497","1.69","8.48","","","t","2"
"1996-08","Canada","2016A000011124","Bank rate","Percent","239","units ","0","v122530","1.2","4.25","","","","2"
"1996-08","Canada","2016A000011124","Average residential mortgage lending rate: 5 year","Percent","239","units ","0","v122497","1.69","8.01","","","t","2"
"1996-09","Canada","2016A000011124","Bank rate","Percent","239","units ","0","v122530","1.2","4.25","","","","2"
"1996-09","Canada","2016A000011124","Average residential mortgage lending rate: 5 year","Percent","239","units ","0","v122497","1.69","7.94","","","t","2"
"1996-10","Canada","2016A000011124","Bank rate","Percent","239","units ","0","v122530","1.2","3.50","","","","2"
"1996-10","Canada","2016A000011124","Average residential mortgage lending rate: 5 year","Percent","239","units ","0","v122497","1.69","7.50","","","t","2"
"1996-11","Canada","2016A000011124","Bank rate","Percent","239","units ","0","v122530","1.2","3.25","","","","2"
"1996-11","Canada","2016A000011124","Average residential mortgage lending rate: 5 year","Percent","239","units ","0","v122497","1.69","7.01","","","t","2"
"1996-12","Canada","2016A000011124","Bank rate","Percent","239","units ","0","v122530","1.2","3.25","","","","2"
"1996-12","Canada","2016A000011124","Average residential mortgage lending rate: 5 year","Percent","239","units ","0","v122497","1.69","6.94","","","t","2"
"1997-01","Canada","2016A000011124","Bank rate","Percent","239","units ","0","v122530","1.2","3.25","","","","2"
"1997-01","Canada","2016A000011124","Average residential mortgage lending rate: 5 year","Percent","239","units ","0","v122497","1.69","7.14","","","t","2"
"1997-02","Canada","2016A000011124","Bank rate","Percent","239","units ","0","v122530","1.2","3.25","","","","2"
"1997-02","Canada","2016A000011124","Average residential mortgage lending rate: 5 year","Percent","239","units ","0","v122497","1.69","7.12","","","t","2"
"1997-03","Canada","2016A000011124","Bank rate","Percent","239","units ","0","v122530","1.2","3.25","","","","2"
"1997-03","Canada","2016A000011124","Average residential mortgage lending rate: 5 year","Percent","239","units ","0","v122497","1.69","7.06","","","t","2"
"1997-04","Canada","2016A000011124","Bank rate","Percent","239","units ","0","v122530","1.2","3.25","","","","2"
"1997-04","Canada","2016A000011124","Average residential mortgage lending rate: 5 year","Percent","239","units ","0","v122497","1.69","7.56","","","t","2"
"1997-05","Canada","2016A000011124","Bank rate","Percent","239","units ","0","v122530","1.2","3.25","","","","2"
"1997-05","Canada","2016A000011124","Average residential mortgage lending rate: 5 year","Percent","239","units ","0","v122497","1.69","7.46","","","t","2"
"1997-06","Canada","2016A000011124","Bank rate","Percent","239","units ","0","v122530","1.2","3.25","","","","2"
"1997-06","Canada","2016A000011124","Average residential mortgage lending rate: 5 year","Percent","239","units ","0","v122497","1.69","7.22","","","t","2"
"1997-07","Canada","2016A000011124","Bank rate","Percent","239","units ","0","v122530","1.2","3.50","","","","2"
"1997-07","Canada","2016A000011124","Average residential mortgage lending rate: 5 year","Percent","239","units ","0","v122497","1.69","6.98","","","t","2"
"1997-08","Canada","2016A000011124","Bank rate","Percent","239","units ","0","v122530","1.2","3.50","","","","2"
"1997-08","Canada","2016A000011124","Average residential mortgage lending rate: 5 year","Percent","239","units ","0","v122497","1.69","7.00","","","t","2"
"1997-09","Canada","2016A000011124","Bank rate","Percent","239","units ","0","v122530","1.2","3.50","","","","2"
"1997-09","Canada","2016A000011124","Average residential mortgage lending rate: 5 year","Percent","239","units ","0","v122497","1.69","6.96","","","t","2"
"1997-10","Canada","2016A000011124","Bank rate","Percent","239","units ","0","v122530","1.2","3.75","","","","2"
"1997-10","Canada","2016A000011124","Average residential mortgage lending rate: 5 year","Percent","239","units ","0","v122497","1.69","6.73","","","t","2"
"1997-11","Canada","2016A000011124","Bank rate","Percent","239","units ","0","v122530","1.2","4.00","","","","2"
"1997-11","Canada","2016A000011124","Average residential mortgage lending rate: 5 year","Percent","239","units ","0","v122497","1.69","6.69","","","t","2"
"1997-12","Canada","2016A000011124","Bank rate","Percent","239","units ","0","v122530","1.2","4.50","","","","2"
"1997-12","Canada","2016A000011124","Average residential mortgage lending rate: 5 year","Percent","239","units ","0","v122497","1.69","6.90","","","t","2"
"1998-01","Canada","2016A000011124","Bank rate","Percent","239","units ","0","v122530","1.2","4.50","","","","2"
"1998-01","Canada","2016A000011124","Average residential mortgage lending rate: 5 year","Percent","239","units ","0","v122497","1.69","6.90","","","t","2"
"1998-02","Canada","2016A000011124","Bank rate","Percent","239","units ","0","v122530","1.2","5.00","","","","2"
"1998-02","Canada","2016A000011124","Average residential mortgage lending rate: 5 year","Percent","239","units ","0","v122497","1.69","6.84","","","t","2"
"1998-03","Canada","2016A000011124","Bank rate","Percent","239","units ","0","v122530","1.2","5.00","","","","2"
"1998-03","Canada","2016A000011124","Average residential mortgage lending rate: 5 year","Percent","239","units ","0","v122497","1.69","6.84","","","t","2"
"1998-04","Canada","2016A000011124","Bank rate","Percent","239","units ","0","v122530","1.2","5.00","","","","2"
"1998-04","Canada","2016A000011124","Average residential mortgage lending rate: 5 year","Percent","239","units ","0","v122497","1.69","6.79","","","t","2"
"1998-05","Canada","2016A000011124","Bank rate","Percent","239","units ","0","v122530","1.2","5.00","","","","2"
"1998-05","Canada","2016A000011124","Average residential mortgage lending rate: 5 year","Percent","239","units ","0","v122497","1.69","6.92","","","t","2"
"1998-06","Canada","2016A000011124","Bank rate","Percent","239","units ","0","v122530","1.2","5.00","","","","2"
"1998-06","Canada","2016A000011124","Average residential mortgage lending rate: 5 year","Percent","239","units ","0","v122497","1.69","6.90","","","t","2"
"1998-07","Canada","2016A000011124","Bank rate","Percent","239","units ","0","v122530","1.2","5.00","","","","2"
"1998-07","Canada","2016A000011124","Average residential mortgage lending rate: 5 year","Percent","239","units ","0","v122497","1.69","6.90","","","t","2"
"1998-08","Canada","2016A000011124","Bank rate","Percent","239","units ","0","v122530","1.2","5.00","","","","2"
"1998-08","Canada","2016A000011124","Average residential mortgage lending rate: 5 year","Percent","239","units ","0","v122497","1.69","7.08","","","t","2"
"1998-09","Canada","2016A000011124","Bank rate","Percent","239","units ","0","v122530","1.2","5.75","","","","2"
"1998-09","Canada","2016A000011124","Average residential mortgage lending rate: 5 year","Percent","239","units ","0","v122497","1.69","7.32","","","t","2"
"1998-10","Canada","2016A000011124","Bank rate","Percent","239","units ","0","v122530","1.2","5.50","","","","2"
"1998-10","Canada","2016A000011124","Average residential mortgage lending rate: 5 year","Percent","239","units ","0","v122497","1.69","6.73","","","t","2"
"1998-11","Canada","2016A000011124","Bank rate","Percent","239","units ","0","v122530","1.2","5.25","","","","2"
"1998-11","Canada","2016A000011124","Average residential mortgage lending rate: 5 year","Percent","239","units ","0","v122497","1.69","6.94","","","t","2"
"1998-12","Canada","2016A000011124","Bank rate","Percent","239","units ","0","v122530","1.2","5.25","","","","2"
"1998-12","Canada","2016A000011124","Average residential mortgage lending rate: 5 year","Percent","239","units ","0","v122497","1.69","6.69","","","t","2"
"1999-01","Canada","2016A000011124","Bank rate","Percent","239","units ","0","v122530","1.2","5.25","","","","2"
"1999-01","Canada","2016A000011124","Average residential mortgage lending rate: 5 year","Percent","239","units ","0","v122497","1.69","6.72","","","t","2"
"1999-02","Canada","2016A000011124","Bank rate","Percent","239","units ","0","v122530","1.2","5.25","","","","2"
"1999-02","Canada","2016A000011124","Average residential mortgage lending rate: 5 year","Percent","239","units ","0","v122497","1.69","6.79","","","t","2"
"1999-03","Canada","2016A000011124","Bank rate","Percent","239","units ","0","v122530","1.2","5.00","","","","2"
"1999-03","Canada","2016A000011124","Average residential mortgage lending rate: 5 year","Percent","239","units ","0","v122497","1.69","7.03","","","t","2"
"1999-04","Canada","2016A000011124","Bank rate","Percent","239","units ","0","v122530","1.2","5.00","","","","2"
"1999-04","Canada","2016A000011124","Average residential mortgage lending rate: 5 year","Percent","239","units ","0","v122497","1.69","6.71","","","t","2"
"1999-05","Canada","2016A000011124","Bank rate","Percent","239","units ","0","v122530","1.2","4.75","","","","2"
"1999-05","Canada","2016A000011124","Average residential mortgage lending rate: 5 year","Percent","239","units ","0","v122497","1.69","6.99","","","t","2"
"1999-06","Canada","2016A000011124","Bank rate","Percent","239","units ","0","v122530","1.2","4.75","","","","2"
"1999-06","Canada","2016A000011124","Average residential mortgage lending rate: 5 year","Percent","239","units ","0","v122497","1.69","7.35","","","t","2"
"1999-07","Canada","2016A000011124","Bank rate","Percent","239","units ","0","v122530","1.2","4.75","","","","2"
"1999-07","Canada","2016A000011124","Average residential mortgage lending rate: 5 year","Percent","239","units ","0","v122497","1.69","7.42","","","t","2"
"1999-08","Canada","2016A000011124","Bank rate","Percent","239","units ","0","v122530","1.2","4.75","","","","2"
"1999-08","Canada","2016A000011124","Average residential mortgage lending rate: 5 year","Percent","239","units ","0","v122497","1.69","7.80","","","t","2"
"1999-09","Canada","2016A000011124","Bank rate","Percent","239","units ","0","v122530","1.2","4.75","","","","2"
"1999-09","Canada","2016A000011124","Average residential mortgage lending rate: 5 year","Percent","239","units ","0","v122497","1.69","7.67","","","t","2"
"1999-10","Canada","2016A000011124","Bank rate","Percent","239","units ","0","v122530","1.2","4.75","","","","2"
"1999-10","Canada","2016A000011124","Average residential mortgage lending rate: 5 year","Percent","239","units ","0","v122497","1.69","7.90","","","t","2"
"1999-11","Canada","2016A000011124","Bank rate","Percent","239","units ","0","v122530","1.2","5.00","","","","2"
"1999-11","Canada","2016A000011124","Average residential mortgage lending rate: 5 year","Percent","239","units ","0","v122497","1.69","8.13","","","t","2"
"1999-12","Canada","2016A000011124","Bank rate","Percent","239","units ","0","v122530","1.2","5.00","","","","2"
"1999-12","Canada","2016A000011124","Average residential mortgage lending rate: 5 year","Percent","239","units ","0","v122497","1.69","8.13","","","t","2"
"2000-01","Canada","2016A000011124","Bank rate","Percent","239","units ","0","v122530","1.2","5.00","","","","2"
"2000-01","Canada","2016A000011124","Average residential mortgage lending rate: 5 year","Percent","239","units ","0","v122497","1.69","8.34","","","t","2"
"2000-02","Canada","2016A000011124","Bank rate","Percent","239","units ","0","v122530","1.2","5.25","","","","2"
"2000-02","Canada","2016A000011124","Average residential mortgage lending rate: 5 year","Percent","239","units ","0","v122497","1.69","8.43","","","t","2"
"2000-03","Canada","2016A000011124","Bank rate","Percent","239","units ","0","v122530","1.2","5.50","","","","2"
"2000-03","Canada","2016A000011124","Average residential mortgage lending rate: 5 year","Percent","239","units ","0","v122497","1.69","8.24","","","t","2"
"2000-04","Canada","2016A000011124","Bank rate","Percent","239","units ","0","v122530","1.2","5.50","","","","2"
"2000-04","Canada","2016A000011124","Average residential mortgage lending rate: 5 year","Percent","239","units ","0","v122497","1.69","8.23","","","t","2"
"2000-05","Canada","2016A000011124","Bank rate","Percent","239","units ","0","v122530","1.2","6.00","","","","2"
"2000-05","Canada","2016A000011124","Average residential mortgage lending rate: 5 year","Percent","239","units ","0","v122497","1.69","8.50","","","t","2"
"2000-06","Canada","2016A000011124","Bank rate","Percent","239","units ","0","v122530","1.2","6.00","","","","2"
"2000-06","Canada","2016A000011124","Average residential mortgage lending rate: 5 year","Percent","239","units ","0","v122497","1.69","8.34","","","t","2"
"2000-07","Canada","2016A000011124","Bank rate","Percent","239","units ","0","v122530","1.2","6.00","","","","2"
"2000-07","Canada","2016A000011124","Average residential mortgage lending rate: 5 year","Percent","239","units ","0","v122497","1.69","8.18","","","t","2"
"2000-08","Canada","2016A000011124","Bank rate","Percent","239","units ","0","v122530","1.2","6.00","","","","2"
"2000-08","Canada","2016A000011124","Average residential mortgage lending rate: 5 year","Percent","239","units ","0","v122497","1.69","8.08","","","t","2"
"2000-09","Canada","2016A000011124","Bank rate","Percent","239","units ","0","v122530","1.2","6.00","","","","2"
"2000-09","Canada","2016A000011124","Average residential mortgage lending rate: 5 year","Percent","239","units ","0","v122497","1.69","8.08","","","t","2"
"2000-10","Canada","2016A000011124","Bank rate","Percent","239","units ","0","v122530","1.2","6.00","","","","2"
"2000-10","Canada","2016A000011124","Average residential mortgage lending rate: 5 year","Percent","239","units ","0","v122497","1.69","8.08","","","t","2"
"2000-11","Canada","2016A000011124","Bank rate","Percent","239","units ","0","v122530","1.2","6.00","","","","2"
"2000-11","Canada","2016A000011124","Average residential mortgage lending rate: 5 year","Percent","239","units ","0","v122497","1.69","8.04","","","t","2"
"2000-12","Canada","2016A000011124","Bank rate","Percent","239","units ","0","v122530","1.2","6.00","","","","2"
"2000-12","Canada","2016A000011124","Average residential mortgage lending rate: 5 year","Percent","239","units ","0","v122497","1.69","7.81","","","t","2"
"2001-01","Canada","2016A000011124","Bank rate","Percent","239","units ","0","v122530","1.2","5.75","","","","2"
"2001-01","Canada","2016A000011124","Average residential mortgage lending rate: 5 year","Percent","239","units ","0","v122497","1.69","7.58","","","t","2"
"2001-02","Canada","2016A000011124","Bank rate","Percent","239","units ","0","v122530","1.2","5.75","","","","2"
"2001-02","Canada","2016A000011124","Average residential mortgage lending rate: 5 year","Percent","239","units ","0","v122497","1.69","7.52","","","t","2"
"2001-03","Canada","2016A000011124","Bank rate","Percent","239","units ","0","v122530","1.2","5.25","","","","2"
"2001-03","Canada","2016A000011124","Average residential mortgage lending rate: 5 year","Percent","239","units ","0","v122497","1.69","7.19","","","t","2"
"2001-04","Canada","2016A000011124","Bank rate","Percent","239","units ","0","v122530","1.2","5.00","","","","2"
"2001-04","Canada","2016A000011124","Average residential mortgage lending rate: 5 year","Percent","239","units ","0","v122497","1.69","7.22","","","t","2"
"2001-05","Canada","2016A000011124","Bank rate","Percent","239","units ","0","v122530","1.2","4.75","","","","2"
"2001-05","Canada","2016A000011124","Average residential mortgage lending rate: 5 year","Percent","239","units ","0","v122497","1.69","7.38","","","t","2"
"2001-06","Canada","2016A000011124","Bank rate","Percent","239","units ","0","v122530","1.2","4.75","","","","2"
"2001-06","Canada","2016A000011124","Average residential mortgage lending rate: 5 year","Percent","239","units ","0","v122497","1.69","7.47","","","t","2"
"2001-07","Canada","2016A000011124","Bank rate","Percent","239","units ","0","v122530","1.2","4.50","","","","2"
"2001-07","Canada","2016A000011124","Average residential mortgage lending rate: 5 year","Percent","239","units ","0","v122497","1.69","7.46","","","t","2"
"2001-08","Canada","2016A000011124","Bank rate","Percent","239","units ","0","v122530","1.2","4.25","","","","2"
"2001-08","Canada","2016A000011124","Average residential mortgage lending rate: 5 year","Percent","239","units ","0","v122497","1.69","7.39","","","t","2"
"2001-09","Canada","2016A000011124","Bank rate","Percent","239","units ","0","v122530","1.2","3.75","","","","2"
"2001-09","Canada","2016A000011124","Average residential mortgage lending rate: 5 year","Percent","239","units ","0","v122497","1.69","7.03","","","t","2"
"2001-10","Canada","2016A000011124","Bank rate","Percent","239","units ","0","v122530","1.2","3.00","","","","2"
"2001-10","Canada","2016A000011124","Average residential mortgage lending rate: 5 year","Percent","239","units ","0","v122497","1.69","6.74","","","t","2"
"2001-11","Canada","2016A000011124","Bank rate","Percent","239","units ","0","v122530","1.2","2.50","","","","2"
"2001-11","Canada","2016A000011124","Average residential mortgage lending rate: 5 year","Percent","239","units ","0","v122497","1.69","6.51","","","t","2"
"2001-12","Canada","2016A000011124","Bank rate","Percent","239","units ","0","v122530","1.2","2.50","","","","2"
"2001-12","Canada","2016A000011124","Average residential mortgage lending rate: 5 year","Percent","239","units ","0","v122497","1.69","6.64","","","t","2"
"2002-01","Canada","2016A000011124","Bank rate","Percent","239","units ","0","v122530","1.2","2.25","","","","2"
"2002-01","Canada","2016A000011124","Average residential mortgage lending rate: 5 year","Percent","239","units ","0","v122497","1.69","6.62","","","t","2"
"2002-02","Canada","2016A000011124","Bank rate","Percent","239","units ","0","v122530","1.2","2.25","","","","2"
"2002-02","Canada","2016A000011124","Average residential mortgage lending rate: 5 year","Percent","239","units ","0","v122497","1.69","6.59","","","t","2"
"2002-03","Canada","2016A000011124","Bank rate","Percent","239","units ","0","v122530","1.2","2.25","","","","2"
"2002-03","Canada","2016A000011124","Average residential mortgage lending rate: 5 year","Percent","239","units ","0","v122497","1.69","6.80","","","t","2"
"2002-04","Canada","2016A000011124","Bank rate","Percent","239","units ","0","v122530","1.2","2.50","","","","2"
"2002-04","Canada","2016A000011124","Average residential mortgage lending rate: 5 year","Percent","239","units ","0","v122497","1.69","7.00","","","t","2"
"2002-05","Canada","2016A000011124","Bank rate","Percent","239","units ","0","v122530","1.2","2.50","","","","2"
"2002-05","Canada","2016A000011124","Average residential mortgage lending rate: 5 year","Percent","239","units ","0","v122497","1.69","7.00","","","t","2"
"2002-06","Canada","2016A000011124","Bank rate","Percent","239","units ","0","v122530","1.2","2.75","","","","2"
"2002-06","Canada","2016A000011124","Average residential mortgage lending rate: 5 year","Percent","239","units ","0","v122497","1.69","6.98","","","t","2"
"2002-07","Canada","2016A000011124","Bank rate","Percent","239","units ","0","v122530","1.2","3.00","","","","2"
"2002-07","Canada","2016A000011124","Average residential mortgage lending rate: 5 year","Percent","239","units ","0","v122497","1.69","6.90","","","t","2"
"2002-08","Canada","2016A000011124","Bank rate","Percent","239","units ","0","v122530","1.2","3.00","","","","2"
"2002-08","Canada","2016A000011124","Average residential mortgage lending rate: 5 year","Percent","239","units ","0","v122497","1.69","6.61","","","t","2"
"2002-09","Canada","2016A000011124","Bank rate","Percent","239","units ","0","v122530","1.2","3.00","","","","2"
"2002-09","Canada","2016A000011124","Average residential mortgage lending rate: 5 year","Percent","239","units ","0","v122497","1.69","6.49","","","t","2"
"2002-10","Canada","2016A000011124","Bank rate","Percent","239","units ","0","v122530","1.2","3.00","","","","2"
"2002-10","Canada","2016A000011124","Average residential mortgage lending rate: 5 year","Percent","239","units ","0","v122497","1.69","6.50","","","t","2"
"2002-11","Canada","2016A000011124","Bank rate","Percent","239","units ","0","v122530","1.2","3.00","","","","2"
"2002-11","Canada","2016A000011124","Average residential mortgage lending rate: 5 year","Percent","239","units ","0","v122497","1.69","6.47","","","t","2"
"2002-12","Canada","2016A000011124","Bank rate","Percent","239","units ","0","v122530","1.2","3.00","","","","2"
"2002-12","Canada","2016A000011124","Average residential mortgage lending rate: 5 year","Percent","239","units ","0","v122497","1.69","6.39","","","t","2"
"2003-01","Canada","2016A000011124","Bank rate","Percent","239","units ","0","v122530","1.2","3.00","","","","2"
"2003-01","Canada","2016A000011124","Average residential mortgage lending rate: 5 year","Percent","239","units ","0","v122497","1.69","6.26","","","t","2"
"2003-02","Canada","2016A000011124","Bank rate","Percent","239","units ","0","v122530","1.2","3.00","","","","2"
"2003-02","Canada","2016A000011124","Average residential mortgage lending rate: 5 year","Percent","239","units ","0","v122497","1.69","6.29","","","t","2"
"2003-03","Canada","2016A000011124","Bank rate","Percent","239","units ","0","v122530","1.2","3.25","","","","2"
"2003-03","Canada","2016A000011124","Average residential mortgage lending rate: 5 year","Percent","239","units ","0","v122497","1.69","6.33","","","t","2"
"2003-04","Canada","2016A000011124","Bank rate","Percent","239","units ","0","v122530","1.2","3.50","","","","2"
"2003-04","Canada","2016A000011124","Average residential mortgage lending rate: 5 year","Percent","239","units ","0","v122497","1.69","6.44","","","t","2"
"2003-05","Canada","2016A000011124","Bank rate","Percent","239","units ","0","v122530","1.2","3.50","","","","2"
"2003-05","Canada","2016A000011124","Average residential mortgage lending rate: 5 year","Percent","239","units ","0","v122497","1.69","6.10","","","t","2"
"2003-06","Canada","2016A000011124","Bank rate","Percent","239","units ","0","v122530","1.2","3.50","","","","2"
"2003-06","Canada","2016A000011124","Average residential mortgage lending rate: 5 year","Percent","239","units ","0","v122497","1.69","5.62","","","t","2"
"2003-07","Canada","2016A000011124","Bank rate","Percent","239","units ","0","v122530","1.2","3.25","","","","2"
"2003-07","Canada","2016A000011124","Average residential mortgage lending rate: 5 year","Percent","239","units ","0","v122497","1.69","5.71","","","t","2"
"2003-08","Canada","2016A000011124","Bank rate","Percent","239","units ","0","v122530","1.2","3.25","","","","2"
"2003-08","Canada","2016A000011124","Average residential mortgage lending rate: 5 year","Percent","239","units ","0","v122497","1.69","5.87","","","t","2"
"2003-09","Canada","2016A000011124","Bank rate","Percent","239","units ","0","v122530","1.2","3.00","","","","2"
"2003-09","Canada","2016A000011124","Average residential mortgage lending rate: 5 year","Percent","239","units ","0","v122497","1.69","5.97","","","t","2"
"2003-10","Canada","2016A000011124","Bank rate","Percent","239","units ","0","v122530","1.2","3.00","","","","2"
"2003-10","Canada","2016A000011124","Average residential mortgage lending rate: 5 year","Percent","239","units ","0","v122497","1.69","5.83","","","t","2"
"2003-11","Canada","2016A000011124","Bank rate","Percent","239","units ","0","v122530","1.2","3.00","","","","2"
"2003-11","Canada","2016A000011124","Average residential mortgage lending rate: 5 year","Percent","239","units ","0","v122497","1.69","6.02","","","t","2"
"2003-12","Canada","2016A000011124","Bank rate","Percent","239","units ","0","v122530","1.2","3.00","","","","2"
"2003-12","Canada","2016A000011124","Average residential mortgage lending rate: 5 year","Percent","239","units ","0","v122497","1.69","6.00","","","t","2"
"2004-01","Canada","2016A000011124","Bank rate","Percent","239","units ","0","v122530","1.2","2.75","","","","2"
"2004-01","Canada","2016A000011124","Average residential mortgage lending rate: 5 year","Percent","239","units ","0","v122497","1.69","5.78","","","t","2"
"2004-02","Canada","2016A000011124","Bank rate","Percent","239","units ","0","v122530","1.2","2.75","","","","2"
"2004-02","Canada","2016A000011124","Average residential mortgage lending rate: 5 year","Percent","239","units ","0","v122497","1.69","5.51","","","t","2"
"2004-03","Canada","2016A000011124","Bank rate","Percent","239","units ","0","v122530","1.2","2.50","","","","2"
"2004-03","Canada","2016A000011124","Average residential mortgage lending rate: 5 year","Percent","239","units ","0","v122497","1.69","5.31","","","t","2"
"2004-04","Canada","2016A000011124","Bank rate","Percent","239","units ","0","v122530","1.2","2.25","","","","2"
"2004-04","Canada","2016A000011124","Average residential mortgage lending rate: 5 year","Percent","239","units ","0","v122497","1.69","5.56","","","t","2"
"2004-05","Canada","2016A000011124","Bank rate","Percent","239","units ","0","v122530","1.2","2.25","","","","2"
"2004-05","Canada","2016A000011124","Average residential mortgage lending rate: 5 year","Percent","239","units ","0","v122497","1.69","5.82","","","t","2"
"2004-06","Canada","2016A000011124","Bank rate","Percent","239","units ","0","v122530","1.2","2.25","","","","2"
"2004-06","Canada","2016A000011124","Average residential mortgage lending rate: 5 year","Percent","239","units ","0","v122497","1.69","6.06","","","t","2"
"2004-07","Canada","2016A000011124","Bank rate","Percent","239","units ","0","v122530","1.2","2.25","","","","2"
"2004-07","Canada","2016A000011124","Average residential mortgage lending rate: 5 year","Percent","239","units ","0","v122497","1.69","6.10","","","t","2"
"2004-08","Canada","2016A000011124","Bank rate","Percent","239","units ","0","v122530","1.2","2.25","","","","2"
"2004-08","Canada","2016A000011124","Average residential mortgage lending rate: 5 year","Percent","239","units ","0","v122497","1.69","5.97","","","t","2"
"2004-09","Canada","2016A000011124","Bank rate","Percent","239","units ","0","v122530","1.2","2.50","","","","2"
"2004-09","Canada","2016A000011124","Average residential mortgage lending rate: 5 year","Percent","239","units ","0","v122497","1.69","5.94","","","t","2"
"2004-10","Canada","2016A000011124","Bank rate","Percent","239","units ","0","v122530","1.2","2.75","","","","2"
"2004-10","Canada","2016A000011124","Average residential mortgage lending rate: 5 year","Percent","239","units ","0","v122497","1.69","5.95","","","t","2"
"2004-11","Canada","2016A000011124","Bank rate","Percent","239","units ","0","v122530","1.2","2.75","","","","2"
"2004-11","Canada","2016A000011124","Average residential mortgage lending rate: 5 year","Percent","239","units ","0","v122497","1.69","5.87","","","t","2"
"2004-12","Canada","2016A000011124","Bank rate","Percent","239","units ","0","v122530","1.2","2.75","","","","2"
"2004-12","Canada","2016A000011124","Average residential mortgage lending rate: 5 year","Percent","239","units ","0","v122497","1.69","5.69","","","t","2"
"2005-01","Canada","2016A000011124","Bank rate","Percent","239","units ","0","v122530","1.2","2.75","","","","2"
"2005-01","Canada","2016A000011124","Average residential mortgage lending rate: 5 year","Percent","239","units ","0","v122497","1.69","5.60","","","t","2"
"2005-02","Canada","2016A000011124","Bank rate","Percent","239","units ","0","v122530","1.2","2.75","","","","2"
"2005-02","Canada","2016A000011124","Average residential mortgage lending rate: 5 year","Percent","239","units ","0","v122497","1.69","5.59","","","t","2"
"2005-03","Canada","2016A000011124","Bank rate","Percent","239","units ","0","v122530","1.2","2.75","","","","2"
"2005-03","Canada","2016A000011124","Average residential mortgage lending rate: 5 year","Percent","239","units ","0","v122497","1.69","5.60","","","t","2"
"2005-04","Canada","2016A000011124","Bank rate","Percent","239","units ","0","v122530","1.2","2.75","","","","2"
"2005-04","Canada","2016A000011124","Average residential mortgage lending rate: 5 year","Percent","239","units ","0","v122497","1.69","5.67","","","t","2"
"2005-05","Canada","2016A000011124","Bank rate","Percent","239","units ","0","v122530","1.2","2.75","","","","2"
"2005-05","Canada","2016A000011124","Average residential mortgage lending rate: 5 year","Percent","239","units ","0","v122497","1.69","5.55","","","t","2"
"2005-06","Canada","2016A000011124","Bank rate","Percent","239","units ","0","v122530","1.2","2.75","","","","2"
"2005-06","Canada","2016A000011124","Average residential mortgage lending rate: 5 year","Percent","239","units ","0","v122497","1.69","5.31","","","t","2"
"2005-07","Canada","2016A000011124","Bank rate","Percent","239","units ","0","v122530","1.2","2.75","","","","2"
"2005-07","Canada","2016A000011124","Average residential mortgage lending rate: 5 year","Percent","239","units ","0","v122497","1.69","5.26","","","t","2"
"2005-08","Canada","2016A000011124","Bank rate","Percent","239","units ","0","v122530","1.2","2.75","","","","2"
"2005-08","Canada","2016A000011124","Average residential mortgage lending rate: 5 year","Percent","239","units ","0","v122497","1.69","5.32","","","t","2"
"2005-09","Canada","2016A000011124","Bank rate","Percent","239","units ","0","v122530","1.2","3.00","","","","2"
"2005-09","Canada","2016A000011124","Average residential mortgage lending rate: 5 year","Percent","239","units ","0","v122497","1.69","5.30","","","t","2"
"2005-10","Canada","2016A000011124","Bank rate","Percent","239","units ","0","v122530","1.2","3.25","","","","2"
"2005-10","Canada","2016A000011124","Average residential mortgage lending rate: 5 year","Percent","239","units ","0","v122497","1.69","5.39","","","t","2"
"2005-11","Canada","2016A000011124","Bank rate","Percent","239","units ","0","v122530","1.2","3.25","","","","2"
"2005-11","Canada","2016A000011124","Average residential mortgage lending rate: 5 year","Percent","239","units ","0","v122497","1.69","5.56","","","t","2"
"2005-12","Canada","2016A000011124","Bank rate","Percent","239","units ","0","v122530","1.2","3.50","","","","2"
"2005-12","Canada","2016A000011124","Average residential mortgage lending rate: 5 year","Percent","239","units ","0","v122497","1.69","5.60","","","t","2"
"2006-01","Canada","2016A000011124","Bank rate","Percent","239","units ","0","v122530","1.2","3.75","","","","2"
"2006-01","Canada","2016A000011124","Average residential mortgage lending rate: 5 year","Percent","239","units ","0","v122497","1.69","5.65","","","t","2"
"2006-02","Canada","2016A000011124","Bank rate","Percent","239","units ","0","v122530","1.2","3.75","","","","2"
"2006-02","Canada","2016A000011124","Average residential mortgage lending rate: 5 year","Percent","239","units ","0","v122497","1.69","5.75","","","t","2"
"2006-03","Canada","2016A000011124","Bank rate","Percent","239","units ","0","v122530","1.2","4.00","","","","2"
"2006-03","Canada","2016A000011124","Average residential mortgage lending rate: 5 year","Percent","239","units ","0","v122497","1.69","5.78","","","t","2"
"2006-04","Canada","2016A000011124","Bank rate","Percent","239","units ","0","v122530","1.2","4.25","","","","2"
"2006-04","Canada","2016A000011124","Average residential mortgage lending rate: 5 year","Percent","239","units ","0","v122497","1.69","5.88","","","t","2"
"2006-05","Canada","2016A000011124","Bank rate","Percent","239","units ","0","v122530","1.2","4.50","","","","2"
"2006-05","Canada","2016A000011124","Average residential mortgage lending rate: 5 year","Percent","239","units ","0","v122497","1.69","6.05","","","t","2"
"2006-06","Canada","2016A000011124","Bank rate","Percent","239","units ","0","v122530","1.2","4.50","","","","2"
"2006-06","Canada","2016A000011124","Average residential mortgage lending rate: 5 year","Percent","239","units ","0","v122497","1.69","6.12","","","t","2"
"2006-07","Canada","2016A000011124","Bank rate","Percent","239","units ","0","v122530","1.2","4.50","","","","2"
"2006-07","Canada","2016A000011124","Average residential mortgage lending rate: 5 year","Percent","239","units ","0","v122497","1.69","6.26","","","t","2"
"2006-08","Canada","2016A000011124","Bank rate","Percent","239","units ","0","v122530","1.2","4.50","","","","2"
"2006-08","Canada","2016A000011124","Average residential mortgage lending rate: 5 year","Percent","239","units ","0","v122497","1.69","6.24","","","t","2"
"2006-09","Canada","2016A000011124","Bank rate","Percent","239","units ","0","v122530","1.2","4.50","","","","2"
"2006-09","Canada","2016A000011124","Average residential mortgage lending rate: 5 year","Percent","239","units ","0","v122497","1.69","6.13","","","t","2"
"2006-10","Canada","2016A000011124","Bank rate","Percent","239","units ","0","v122530","1.2","4.50","","","","2"
"2006-10","Canada","2016A000011124","Average residential mortgage lending rate: 5 year","Percent","239","units ","0","v122497","1.69","6.01","","","t","2"
"2006-11","Canada","2016A000011124","Bank rate","Percent","239","units ","0","v122530","1.2","4.50","","","","2"
"2006-11","Canada","2016A000011124","Average residential mortgage lending rate: 5 year","Percent","239","units ","0","v122497","1.69","5.99","","","t","2"
"2006-12","Canada","2016A000011124","Bank rate","Percent","239","units ","0","v122530","1.2","4.50","","","","2"
"2006-12","Canada","2016A000011124","Average residential mortgage lending rate: 5 year","Percent","239","units ","0","v122497","1.69","5.89","","","t","2"
"2007-01","Canada","2016A000011124","Bank rate","Percent","239","units ","0","v122530","1.2","4.50","","","","2"
"2007-01","Canada","2016A000011124","Average residential mortgage lending rate: 5 year","Percent","239","units ","0","v122497","1.69","5.91","","","t","2"
"2007-02","Canada","2016A000011124","Bank rate","Percent","239","units ","0","v122530","1.2","4.50","","","","2"
"2007-02","Canada","2016A000011124","Average residential mortgage lending rate: 5 year","Percent","239","units ","0","v122497","1.69","6.00","","","t","2"
"2007-03","Canada","2016A000011124","Bank rate","Percent","239","units ","0","v122530","1.2","4.50","","","","2"
"2007-03","Canada","2016A000011124","Average residential mortgage lending rate: 5 year","Percent","239","units ","0","v122497","1.69","5.91","","","t","2"
"2007-04","Canada","2016A000011124","Bank rate","Percent","239","units ","0","v122530","1.2","4.50","","","","2"
"2007-04","Canada","2016A000011124","Average residential mortgage lending rate: 5 year","Percent","239","units ","0","v122497","1.69","5.92","","","t","2"
"2007-05","Canada","2016A000011124","Bank rate","Percent","239","units ","0","v122530","1.2","4.50","","","","2"
"2007-05","Canada","2016A000011124","Average residential mortgage lending rate: 5 year","Percent","239","units ","0","v122497","1.69","6.01","","","t","2"
"2007-06","Canada","2016A000011124","Bank rate","Percent","239","units ","0","v122530","1.2","4.50","","","","2"
"2007-06","Canada","2016A000011124","Average residential mortgage lending rate: 5 year","Percent","239","units ","0","v122497","1.69","6.51","","","t","2"
"2007-07","Canada","2016A000011124","Bank rate","Percent","239","units ","0","v122530","1.2","4.75","","","","2"
"2007-07","Canada","2016A000011124","Average residential mortgage lending rate: 5 year","Percent","239","units ","0","v122497","1.69","6.60","","","t","2"
"2007-08","Canada","2016A000011124","Bank rate","Percent","239","units ","0","v122530","1.2","4.75","","","","2"
"2007-08","Canada","2016A000011124","Average residential mortgage lending rate: 5 year","Percent","239","units ","0","v122497","1.69","6.62","","","t","2"
"2007-09","Canada","2016A000011124","Bank rate","Percent","239","units ","0","v122530","1.2","4.75","","","","2"
"2007-09","Canada","2016A000011124","Average residential mortgage lending rate: 5 year","Percent","239","units ","0","v122497","1.69","6.61","","","t","2"
"2007-10","Canada","2016A000011124","Bank rate","Percent","239","units ","0","v122530","1.2","4.75","","","","2"
"2007-10","Canada","2016A000011124","Average residential mortgage lending rate: 5 year","Percent","239","units ","0","v122497","1.69","6.69","","","t","2"
"2007-11","Canada","2016A000011124","Bank rate","Percent","239","units ","0","v122530","1.2","4.75","","","","2"
"2007-11","Canada","2016A000011124","Average residential mortgage lending rate: 5 year","Percent","239","units ","0","v122497","1.69","6.73","","","t","2"
"2007-12","Canada","2016A000011124","Bank rate","Percent","239","units ","0","v122530","1.2","4.50","","","","2"
"2007-12","Canada","2016A000011124","Average residential mortgage lending rate: 5 year","Percent","239","units ","0","v122497","1.69","6.75","","","t","2"
"2008-01","Canada","2016A000011124","Bank rate","Percent","239","units ","0","v122530","1.2","4.25","","","","2"
"2008-01","Canada","2016A000011124","Average residential mortgage lending rate: 5 year","Percent","239","units ","0","v122497","1.69","6.81","","","t","2"
"2008-02","Canada","2016A000011124","Bank rate","Percent","239","units ","0","v122530","1.2","4.25","","","","2"
"2008-02","Canada","2016A000011124","Average residential mortgage lending rate: 5 year","Percent","239","units ","0","v122497","1.69","6.72","","","t","2"
"2008-03","Canada","2016A000011124","Bank rate","Percent","239","units ","0","v122530","1.2","3.75","","","","2"
"2008-03","Canada","2016A000011124","Average residential mortgage lending rate: 5 year","Percent","239","units ","0","v122497","1.69","6.60","","","t","2"
"2008-04","Canada","2016A000011124","Bank rate","Percent","239","units ","0","v122530","1.2","3.25","","","","2"
"2008-04","Canada","2016A000011124","Average residential mortgage lending rate: 5 year","Percent","239","units ","0","v122497","1.69","6.40","","","t","2"
"2008-05","Canada","2016A000011124","Bank rate","Percent","239","units ","0","v122530","1.2","3.25","","","","2"
"2008-05","Canada","2016A000011124","Average residential mortgage lending rate: 5 year","Percent","239","units ","0","v122497","1.69","6.21","","","t","2"
"2008-06","Canada","2016A000011124","Bank rate","Percent","239","units ","0","v122530","1.2","3.25","","","","2"
"2008-06","Canada","2016A000011124","Average residential mortgage lending rate: 5 year","Percent","239","units ","0","v122497","1.69","6.20","","","t","2"
"2008-07","Canada","2016A000011124","Bank rate","Percent","239","units ","0","v122530","1.2","3.25","","","","2"
"2008-07","Canada","2016A000011124","Average residential mortgage lending rate: 5 year","Percent","239","units ","0","v122497","1.69","6.37","","","t","2"
"2008-08","Canada","2016A000011124","Bank rate","Percent","239","units ","0","v122530","1.2","3.25","","","","2"
"2008-08","Canada","2016A000011124","Average residential mortgage lending rate: 5 year","Percent","239","units ","0","v122497","1.69","6.25","","","t","2"
"2008-09","Canada","2016A000011124","Bank rate","Percent","239","units ","0","v122530","1.2","3.25","","","","2"
"2008-09","Canada","2016A000011124","Average residential mortgage lending rate: 5 year","Percent","239","units ","0","v122497","1.69","6.16","","","t","2"
"2008-10","Canada","2016A000011124","Bank rate","Percent","239","units ","0","v122530","1.2","2.50","","","","2"
"2008-10","Canada","2016A000011124","Average residential mortgage lending rate: 5 year","Percent","239","units ","0","v122497","1.69","6.46","","","t","2"
"2008-11","Canada","2016A000011124","Bank rate","Percent","239","units ","0","v122530","1.2","2.50","","","","2"
"2008-11","Canada","2016A000011124","Average residential mortgage lending rate: 5 year","Percent","239","units ","0","v122497","1.69","6.51","","","t","2"
"2008-12","Canada","2016A000011124","Bank rate","Percent","239","units ","0","v122530","1.2","1.75","","","","2"
"2008-12","Canada","2016A000011124","Average residential mortgage lending rate: 5 year","Percent","239","units ","0","v122497","1.69","6.17","","","t","2"
"2009-01","Canada","2016A000011124","Bank rate","Percent","239","units ","0","v122530","1.2","1.25","","","","2"
"2009-01","Canada","2016A000011124","Average residential mortgage lending rate: 5 year","Percent","239","units ","0","v122497","1.69","5.78","","","t","2"
"2009-02","Canada","2016A000011124","Bank rate","Percent","239","units ","0","v122530","1.2","1.25","","","","2"
"2009-02","Canada","2016A000011124","Average residential mortgage lending rate: 5 year","Percent","239","units ","0","v122497","1.69","5.28","","","t","2"
"2009-03","Canada","2016A000011124","Bank rate","Percent","239","units ","0","v122530","1.2","0.75","","","","2"
"2009-03","Canada","2016A000011124","Average residential mortgage lending rate: 5 year","Percent","239","units ","0","v122497","1.69","5.14","","","t","2"
"2009-04","Canada","2016A000011124","Bank rate","Percent","239","units ","0","v122530","1.2","0.50","","","","2"
"2009-04","Canada","2016A000011124","Average residential mortgage lending rate: 5 year","Percent","239","units ","0","v122497","1.69","4.79","","","t","2"
"2009-05","Canada","2016A000011124","Bank rate","Percent","239","units ","0","v122530","1.2","0.50","","","","2"
"2009-05","Canada","2016A000011124","Average residential mortgage lending rate: 5 year","Percent","239","units ","0","v122497","1.69","4.62","","","t","2"
"2009-06","Canada","2016A000011124","Bank rate","Percent","239","units ","0","v122530","1.2","0.50","","","","2"
"2009-06","Canada","2016A000011124","Average residential mortgage lending rate: 5 year","Percent","239","units ","0","v122497","1.69","4.90","","","t","2"
"2009-07","Canada","2016A000011124","Bank rate","Percent","239","units ","0","v122530","1.2","0.50","","","","2"
"2009-07","Canada","2016A000011124","Average residential mortgage lending rate: 5 year","Percent","239","units ","0","v122497","1.69","5.14","","","t","2"
"2009-08","Canada","2016A000011124","Bank rate","Percent","239","units ","0","v122530","1.2","0.50","","","","2"
"2009-08","Canada","2016A000011124","Average residential mortgage lending rate: 5 year","Percent","239","units ","0","v122497","1.69","5.13","","","t","2"
"2009-09","Canada","2016A000011124","Bank rate","Percent","239","units ","0","v122530","1.2","0.50","","","","2"
"2009-09","Canada","2016A000011124","Average residential mortgage lending rate: 5 year","Percent","239","units ","0","v122497","1.69","4.97","","","t","2"
"2009-10","Canada","2016A000011124","Bank rate","Percent","239","units ","0","v122530","1.2","0.50","","","","2"
"2009-10","Canada","2016A000011124","Average residential mortgage lending rate: 5 year","Percent","239","units ","0","v122497","1.69","5.00","","","t","2"
"2009-11","Canada","2016A000011124","Bank rate","Percent","239","units ","0","v122530","1.2","0.50","","","","2"
"2009-11","Canada","2016A000011124","Average residential mortgage lending rate: 5 year","Percent","239","units ","0","v122497","1.69","5.06","","","t","2"
"2009-12","Canada","2016A000011124","Bank rate","Percent","239","units ","0","v122530","1.2","0.50","","","","2"
"2009-12","Canada","2016A000011124","Average residential mortgage lending rate: 5 year","Percent","239","units ","0","v122497","1.69","4.83","","","t","2"
"2010-01","Canada","2016A000011124","Bank rate","Percent","239","units ","0","v122530","1.2","0.50","","","","2"
"2010-01","Canada","2016A000011124","Average residential mortgage lending rate: 5 year","Percent","239","units ","0","v122497","1.69","4.80","","","t","2"
"2010-02","Canada","2016A000011124","Bank rate","Percent","239","units ","0","v122530","1.2","0.50","","","","2"
"2010-02","Canada","2016A000011124","Average residential mortgage lending rate: 5 year","Percent","239","units ","0","v122497","1.69","4.73","","","t","2"
"2010-03","Canada","2016A000011124","Bank rate","Percent","239","units ","0","v122530","1.2","0.50","","","","2"
"2010-03","Canada","2016A000011124","Average residential mortgage lending rate: 5 year","Percent","239","units ","0","v122497","1.69","4.71","","","t","2"
"2010-04","Canada","2016A000011124","Bank rate","Percent","239","units ","0","v122530","1.2","0.50","","","","2"
"2010-04","Canada","2016A000011124","Average residential mortgage lending rate: 5 year","Percent","239","units ","0","v122497","1.69","5.15","","","t","2"
"2010-05","Canada","2016A000011124","Bank rate","Percent","239","units ","0","v122530","1.2","0.50","","","","2"
"2010-05","Canada","2016A000011124","Average residential mortgage lending rate: 5 year","Percent","239","units ","0","v122497","1.69","5.30","","","t","2"
"2010-06","Canada","2016A000011124","Bank rate","Percent","239","units ","0","v122530","1.2","0.75","","","","2"
"2010-06","Canada","2016A000011124","Average residential mortgage lending rate: 5 year","Percent","239","units ","0","v122497","1.69","5.18","","","t","2"
"2010-07","Canada","2016A000011124","Bank rate","Percent","239","units ","0","v122530","1.2","1.00","","","","2"
"2010-07","Canada","2016A000011124","Average residential mortgage lending rate: 5 year","Percent","239","units ","0","v122497","1.69","5.02","","","t","2"
"2010-08","Canada","2016A000011124","Bank rate","Percent","239","units ","0","v122530","1.2","1.00","","","","2"
"2010-08","Canada","2016A000011124","Average residential mortgage lending rate: 5 year","Percent","239","units ","0","v122497","1.69","4.82","","","t","2"
"2010-09","Canada","2016A000011124","Bank rate","Percent","239","units ","0","v122530","1.2","1.25","","","","2"
"2010-09","Canada","2016A000011124","Average residential mortgage lending rate: 5 year","Percent","239","units ","0","v122497","1.69","4.60","","","t","2"
"2010-10","Canada","2016A000011124","Bank rate","Percent","239","units ","0","v122530","1.2","1.25","","","","2"
"2010-10","Canada","2016A000011124","Average residential mortgage lending rate: 5 year","Percent","239","units ","0","v122497","1.69","4.52","","","t","2"
"2010-11","Canada","2016A000011124","Bank rate","Percent","239","units ","0","v122530","1.2","1.25","","","","2"
"2010-11","Canada","2016A000011124","Average residential mortgage lending rate: 5 year","Percent","239","units ","0","v122497","1.69","4.45","","","t","2"
"2010-12","Canada","2016A000011124","Bank rate","Percent","239","units ","0","v122530","1.2","1.25","","","","2"
"2010-12","Canada","2016A000011124","Average residential mortgage lending rate: 5 year","Percent","239","units ","0","v122497","1.69","4.50","","","t","2"
"2011-01","Canada","2016A000011124","Bank rate","Percent","239","units ","0","v122530","1.2","1.25","","","","2"
"2011-01","Canada","2016A000011124","Average residential mortgage lending rate: 5 year","Percent","239","units ","0","v122497","1.69","4.55","","","t","2"
"2011-02","Canada","2016A000011124","Bank rate","Percent","239","units ","0","v122530","1.2","1.25","","","","2"
"2011-02","Canada","2016A000011124","Average residential mortgage lending rate: 5 year","Percent","239","units ","0","v122497","1.69","4.68","","","t","2"
"2011-03","Canada","2016A000011124","Bank rate","Percent","239","units ","0","v122530","1.2","1.25","","","","2"
"2011-03","Canada","2016A000011124","Average residential mortgage lending rate: 5 year","Percent","239","units ","0","v122497","1.69","4.70","","","t","2"
"2011-04","Canada","2016A000011124","Bank rate","Percent","239","units ","0","v122530","1.2","1.25","","","","2"
"2011-04","Canada","2016A000011124","Average residential mortgage lending rate: 5 year","Percent","239","units ","0","v122497","1.69","4.87","","","t","2"
"2011-05","Canada","2016A000011124","Bank rate","Percent","239","units ","0","v122530","1.2","1.25","","","","2"
"2011-05","Canada","2016A000011124","Average residential mortgage lending rate: 5 year","Percent","239","units ","0","v122497","1.69","4.83","","","t","2"
"2011-06","Canada","2016A000011124","Bank rate","Percent","239","units ","0","v122530","1.2","1.25","","","","2"
"2011-06","Canada","2016A000011124","Average residential mortgage lending rate: 5 year","Percent","239","units ","0","v122497","1.69","4.60","","","t","2"
"2011-07","Canada","2016A000011124","Bank rate","Percent","239","units ","0","v122530","1.2","1.25","","","","2"
"2011-07","Canada","2016A000011124","Average residential mortgage lending rate: 5 year","Percent","239","units ","0","v122497","1.69","4.57","","","t","2"
"2011-08","Canada","2016A000011124","Bank rate","Percent","239","units ","0","v122530","1.2","1.25","","","","2"
"2011-08","Canada","2016A000011124","Average residential mortgage lending rate: 5 year","Percent","239","units ","0","v122497","1.69","4.52","","","t","2"
"2011-09","Canada","2016A000011124","Bank rate","Percent","239","units ","0","v122530","1.2","1.25","","","","2"
"2011-09","Canada","2016A000011124","Average residential mortgage lending rate: 5 year","Percent","239","units ","0","v122497","1.69","4.42","","","t","2"
"2011-10","Canada","2016A000011124","Bank rate","Percent","239","units ","0","v122530","1.2","1.25","","","","2"
"2011-10","Canada","2016A000011124","Average residential mortgage lending rate: 5 year","Percent","239","units ","0","v122497","1.69","4.35","","","t","2"
"2011-11","Canada","2016A000011124","Bank rate","Percent","239","units ","0","v122530","1.2","1.25","","","","2"
"2011-11","Canada","2016A000011124","Average residential mortgage lending rate: 5 year","Percent","239","units ","0","v122497","1.69","4.38","","","t","2"
"2011-12","Canada","2016A000011124","Bank rate","Percent","239","units ","0","v122530","1.2","1.25","","","","2"
"2011-12","Canada","2016A000011124","Average residential mortgage lending rate: 5 year","Percent","239","units ","0","v122497","1.69","4.36","","","t","2"
"2012-01","Canada","2016A000011124","Bank rate","Percent","239","units ","0","v122530","1.2","1.25","","","","2"
"2012-01","Canada","2016A000011124","Average residential mortgage lending rate: 5 year","Percent","239","units ","0","v122497","1.69","4.31","","","t","2"
"2012-02","Canada","2016A000011124","Bank rate","Percent","239","units ","0","v122530","1.2","1.25","","","","2"
"2012-02","Canada","2016A000011124","Average residential mortgage lending rate: 5 year","Percent","239","units ","0","v122497","1.69","4.23","","","t","2"
"2012-03","Canada","2016A000011124","Bank rate","Percent","239","units ","0","v122530","1.2","1.25","","","","2"
"2012-03","Canada","2016A000011124","Average residential mortgage lending rate: 5 year","Percent","239","units ","0","v122497","1.69","4.21","","","t","2"
"2012-04","Canada","2016A000011124","Bank rate","Percent","239","units ","0","v122530","1.2","1.25","","","","2"
"2012-04","Canada","2016A000011124","Average residential mortgage lending rate: 5 year","Percent","239","units ","0","v122497","1.69","4.36","","","t","2"
"2012-05","Canada","2016A000011124","Bank rate","Percent","239","units ","0","v122530","1.2","1.25","","","","2"
"2012-05","Canada","2016A000011124","Average residential mortgage lending rate: 5 year","Percent","239","units ","0","v122497","1.69","4.35","","","t","2"
"2012-06","Canada","2016A000011124","Bank rate","Percent","239","units ","0","v122530","1.2","1.25","","","","2"
"2012-06","Canada","2016A000011124","Average residential mortgage lending rate: 5 year","Percent","239","units ","0","v122497","1.69","4.25","","","t","2"
"2012-07","Canada","2016A000011124","Bank rate","Percent","239","units ","0","v122530","1.2","1.25","","","","2"
"2012-07","Canada","2016A000011124","Average residential mortgage lending rate: 5 year","Percent","239","units ","0","v122497","1.69","4.23","","","t","2"
"2012-08","Canada","2016A000011124","Bank rate","Percent","239","units ","0","v122530","1.2","1.25","","","","2"
"2012-08","Canada","2016A000011124","Average residential mortgage lending rate: 5 year","Percent","239","units ","0","v122497","1.69","4.23","","","t","2"
"2012-09","Canada","2016A000011124","Bank rate","Percent","239","units ","0","v122530","1.2","1.25","","","","2"
"2012-09","Canada","2016A000011124","Average residential mortgage lending rate: 5 year","Percent","239","units ","0","v122497","1.69","4.20","","","t","2"
"2012-10","Canada","2016A000011124","Bank rate","Percent","239","units ","0","v122530","1.2","1.25","","","","2"
"2012-10","Canada","2016A000011124","Average residential mortgage lending rate: 5 year","Percent","239","units ","0","v122497","1.69","4.17","","","t","2"
"2012-11","Canada","2016A000011124","Bank rate","Percent","239","units ","0","v122530","1.2","1.25","","","","2"
"2012-11","Canada","2016A000011124","Average residential mortgage lending rate: 5 year","Percent","239","units ","0","v122497","1.69","4.15","","","t","2"
"2012-12","Canada","2016A000011124","Bank rate","Percent","239","units ","0","v122530","1.2","1.25","","","","2"
"2012-12","Canada","2016A000011124","Average residential mortgage lending rate: 5 year","Percent","239","units ","0","v122497","1.69","4.15","","","t","2"
"2013-01","Canada","2016A000011124","Bank rate","Percent","239","units ","0","v122530","1.2","1.25","","","","2"
"2013-01","Canada","2016A000011124","Average residential mortgage lending rate: 5 year","Percent","239","units ","0","v122497","1.69","4.14","","","t","2"
"2013-02","Canada","2016A000011124","Bank rate","Percent","239","units ","0","v122530","1.2","1.25","","","","2"
"2013-02","Canada","2016A000011124","Average residential mortgage lending rate: 5 year","Percent","239","units ","0","v122497","1.69","4.11","","","t","2"
"2013-03","Canada","2016A000011124","Bank rate","Percent","239","units ","0","v122530","1.2","1.25","","","","2"
"2013-03","Canada","2016A000011124","Average residential mortgage lending rate: 5 year","Percent","239","units ","0","v122497","1.69","4.02","","","t","2"
"2013-04","Canada","2016A000011124","Bank rate","Percent","239","units ","0","v122530","1.2","1.25","","","","2"
"2013-04","Canada","2016A000011124","Average residential mortgage lending rate: 5 year","Percent","239","units ","0","v122497","1.69","4.02","","","t","2"
"2013-05","Canada","2016A000011124","Bank rate","Percent","239","units ","0","v122530","1.2","1.25","","","","2"
"2013-05","Canada","2016A000011124","Average residential mortgage lending rate: 5 year","Percent","239","units ","0","v122497","1.69","4.02","","","t","2"
"2013-06","Canada","2016A000011124","Bank rate","Percent","239","units ","0","v122530","1.2","1.25","","","","2"
"2013-06","Canada","2016A000011124","Average residential mortgage lending rate: 5 year","Percent","239","units ","0","v122497","1.69","4.00","","","t","2"
"2013-07","Canada","2016A000011124","Bank rate","Percent","239","units ","0","v122530","1.2","1.25","","","","2"
"2013-07","Canada","2016A000011124","Average residential mortgage lending rate: 5 year","Percent","239","units ","0","v122497","1.69","4.08","","","t","2"
"2013-08","Canada","2016A000011124","Bank rate","Percent","239","units ","0","v122530","1.2","1.25","","","","2"
"2013-08","Canada","2016A000011124","Average residential mortgage lending rate: 5 year","Percent","239","units ","0","v122497","1.69","4.14","","","t","2"
"2013-09","Canada","2016A000011124","Bank rate","Percent","239","units ","0","v122530","1.2","1.25","","","","2"
"2013-09","Canada","2016A000011124","Average residential mortgage lending rate: 5 year","Percent","239","units ","0","v122497","1.69","4.33","","","t","2"
"2013-10","Canada","2016A000011124","Bank rate","Percent","239","units ","0","v122530","1.2","1.25","","","","2"
"2013-10","Canada","2016A000011124","Average residential mortgage lending rate: 5 year","Percent","239","units ","0","v122497","1.69","4.40","","","t","2"
"2013-11","Canada","2016A000011124","Bank rate","Percent","239","units ","0","v122530","1.2","1.25","","","","2"
"2013-11","Canada","2016A000011124","Average residential mortgage lending rate: 5 year","Percent","239","units ","0","v122497","1.69","4.39","","","t","2"
"2013-12","Canada","2016A000011124","Bank rate","Percent","239","units ","0","v122530","1.2","1.25","","","","2"
"2013-12","Canada","2016A000011124","Average residential mortgage lending rate: 5 year","Percent","239","units ","0","v122497","1.69","4.39","","","t","2"
"2014-01","Canada","2016A000011124","Bank rate","Percent","239","units ","0","v122530","1.2","1.25","","","","2"
"2014-01","Canada","2016A000011124","Average residential mortgage lending rate: 5 year","Percent","239","units ","0","v122497","1.69","4.38","","","t","2"
"2014-02","Canada","2016A000011124","Bank rate","Percent","239","units ","0","v122530","1.2","1.25","","","","2"
"2014-02","Canada","2016A000011124","Average residential mortgage lending rate: 5 year","Percent","239","units ","0","v122497","1.69","4.32","","","t","2"
"2014-03","Canada","2016A000011124","Bank rate","Percent","239","units ","0","v122530","1.2","1.25","","","","2"
"2014-03","Canada","2016A000011124","Average residential mortgage lending rate: 5 year","Percent","239","units ","0","v122497","1.69","4.16","","","t","2"
"2014-04","Canada","2016A000011124","Bank rate","Percent","239","units ","0","v122530","1.2","1.25","","","","2"
"2014-04","Canada","2016A000011124","Average residential mortgage lending rate: 5 year","Percent","239","units ","0","v122497","1.69","4.02","","","t","2"
"2014-05","Canada","2016A000011124","Bank rate","Percent","239","units ","0","v122530","1.2","1.25","","","","2"
"2014-05","Canada","2016A000011124","Average residential mortgage lending rate: 5 year","Percent","239","units ","0","v122497","1.69","4.02","","","t","2"
"2014-06","Canada","2016A000011124","Bank rate","Percent","239","units ","0","v122530","1.2","1.25","","","","2"
"2014-06","Canada","2016A000011124","Average residential mortgage lending rate: 5 year","Percent","239","units ","0","v122497","1.69","4.00","","","t","2"
"2014-07","Canada","2016A000011124","Bank rate","Percent","239","units ","0","v122530","1.2","1.25","","","","2"
"2014-07","Canada","2016A000011124","Average residential mortgage lending rate: 5 year","Percent","239","units ","0","v122497","1.69","4.01","","","t","2"
"2014-08","Canada","2016A000011124","Bank rate","Percent","239","units ","0","v122530","1.2","1.25","","","","2"
"2014-08","Canada","2016A000011124","Average residential mortgage lending rate: 5 year","Percent","239","units ","0","v122497","1.69","4.01","","","t","2"
"2014-09","Canada","2016A000011124","Bank rate","Percent","239","units ","0","v122530","1.2","1.25","","","","2"
"2014-09","Canada","2016A000011124","Average residential mortgage lending rate: 5 year","Percent","239","units ","0","v122497","1.69","4.02","","","t","2"
"2014-10","Canada","2016A000011124","Bank rate","Percent","239","units ","0","v122530","1.2","1.25","","","","2"
"2014-10","Canada","2016A000011124","Average residential mortgage lending rate: 5 year","Percent","239","units ","0","v122497","1.69","4.00","","","t","2"
"2014-11","Canada","2016A000011124","Bank rate","Percent","239","units ","0","v122530","1.2","1.25","","","","2"
"2014-11","Canada","2016A000011124","Average residential mortgage lending rate: 5 year","Percent","239","units ","0","v122497","1.69","4.00","","","t","2"
"2014-12","Canada","2016A000011124","Bank rate","Percent","239","units ","0","v122530","1.2","1.25","","","","2"
"2014-12","Canada","2016A000011124","Average residential mortgage lending rate: 5 year","Percent","239","units ","0","v122497","1.69","3.98","","","t","2"
"2015-01","Canada","2016A000011124","Bank rate","Percent","239","units ","0","v122530","1.2","1.00","","","","2"
"2015-01","Canada","2016A000011124","Average residential mortgage lending rate: 5 year","Percent","239","units ","0","v122497","1.69","3.96","","","t","2"
"2015-02","Canada","2016A000011124","Bank rate","Percent","239","units ","0","v122530","1.2","1.00","","","","2"
"2015-02","Canada","2016A000011124","Average residential mortgage lending rate: 5 year","Percent","239","units ","0","v122497","1.69","3.91","","","t","2"
"2015-03","Canada","2016A000011124","Bank rate","Percent","239","units ","0","v122530","1.2","1.00","","","","2"
"2015-03","Canada","2016A000011124","Average residential mortgage lending rate: 5 year","Percent","239","units ","0","v122497","1.69","3.84","","","t","2"
"2015-04","Canada","2016A000011124","Bank rate","Percent","239","units ","0","v122530","1.2","1.00","","","","2"
"2015-04","Canada","2016A000011124","Average residential mortgage lending rate: 5 year","Percent","239","units ","0","v122497","1.69","3.76","","","t","2"
"2015-05","Canada","2016A000011124","Bank rate","Percent","239","units ","0","v122530","1.2","1.00","","","","2"
"2015-05","Canada","2016A000011124","Average residential mortgage lending rate: 5 year","Percent","239","units ","0","v122497","1.69","3.74","","","t","2"
"2015-06","Canada","2016A000011124","Bank rate","Percent","239","units ","0","v122530","1.2","1.00","","","","2"
"2015-06","Canada","2016A000011124","Average residential mortgage lending rate: 5 year","Percent","239","units ","0","v122497","1.69","3.72","","","t","2"
"2015-07","Canada","2016A000011124","Bank rate","Percent","239","units ","0","v122530","1.2","0.75","","","","2"
"2015-07","Canada","2016A000011124","Average residential mortgage lending rate: 5 year","Percent","239","units ","0","v122497","1.69","3.71","","","t","2"
"2015-08","Canada","2016A000011124","Bank rate","Percent","239","units ","0","v122530","1.2","0.75","","","","2"
"2015-08","Canada","2016A000011124","Average residential mortgage lending rate: 5 year","Percent","239","units ","0","v122497","1.69","3.71","","","t","2"
"2015-09","Canada","2016A000011124","Bank rate","Percent","239","units ","0","v122530","1.2","0.75","","","","2"
"2015-09","Canada","2016A000011124","Average residential mortgage lending rate: 5 year","Percent","239","units ","0","v122497","1.69","3.71","","","t","2"
"2015-10","Canada","2016A000011124","Bank rate","Percent","239","units ","0","v122530","1.2","0.75","","","","2"
"2015-10","Canada","2016A000011124","Average residential mortgage lending rate: 5 year","Percent","239","units ","0","v122497","1.69","3.72","","","t","2"
"2015-11","Canada","2016A000011124","Bank rate","Percent","239","units ","0","v122530","1.2","0.75","","","","2"
"2015-11","Canada","2016A000011124","Average residential mortgage lending rate: 5 year","Percent","239","units ","0","v122497","1.69","3.72","","","t","2"
"2015-12","Canada","2016A000011124","Bank rate","Percent","239","units ","0","v122530","1.2","0.75","","","","2"
"2015-12","Canada","2016A000011124","Average residential mortgage lending rate: 5 year","Percent","239","units ","0","v122497","1.69","3.75","","","t","2"
"2016-01","Canada","2016A000011124","Bank rate","Percent","239","units ","0","v122530","1.2","0.75","","","","2"
"2016-01","Canada","2016A000011124","Average residential mortgage lending rate: 5 year","Percent","239","units ","0","v122497","1.69","3.76","","","t","2"
"2016-02","Canada","2016A000011124","Bank rate","Percent","239","units ","0","v122530","1.2","0.75","","","","2"
"2016-02","Canada","2016A000011124","Average residential mortgage lending rate: 5 year","Percent","239","units ","0","v122497","1.69","3.75","","","t","2"
"2016-03","Canada","2016A000011124","Bank rate","Percent","239","units ","0","v122530","1.2","0.75","","","","2"
"2016-03","Canada","2016A000011124","Average residential mortgage lending rate: 5 year","Percent","239","units ","0","v122497","1.69","3.73","","","t","2"
"2016-04","Canada","2016A000011124","Bank rate","Percent","239","units ","0","v122530","1.2","0.75","","","","2"
"2016-04","Canada","2016A000011124","Average residential mortgage lending rate: 5 year","Percent","239","units ","0","v122497","1.69","3.70","","","t","2"
"2016-05","Canada","2016A000011124","Bank rate","Percent","239","units ","0","v122530","1.2","0.75","","","","2"
"2016-05","Canada","2016A000011124","Average residential mortgage lending rate: 5 year","Percent","239","units ","0","v122497","1.69","3.67","","","t","2"
"2016-06","Canada","2016A000011124","Bank rate","Percent","239","units ","0","v122530","1.2","0.75","","","","2"
"2016-06","Canada","2016A000011124","Average residential mortgage lending rate: 5 year","Percent","239","units ","0","v122497","1.69","3.66","","","t","2"
"2016-07","Canada","2016A000011124","Bank rate","Percent","239","units ","0","v122530","1.2","0.75","","","","2"
"2016-07","Canada","2016A000011124","Average residential mortgage lending rate: 5 year","Percent","239","units ","0","v122497","1.69","3.67","","","t","2"
"2016-08","Canada","2016A000011124","Bank rate","Percent","239","units ","0","v122530","1.2","0.75","","","","2"
"2016-08","Canada","2016A000011124","Average residential mortgage lending rate: 5 year","Percent","239","units ","0","v122497","1.69","3.68","","","t","2"
"2016-09","Canada","2016A000011124","Bank rate","Percent","239","units ","0","v122530","1.2","0.75","","","","2"
"2016-09","Canada","2016A000011124","Average residential mortgage lending rate: 5 year","Percent","239","units ","0","v122497","1.69","3.67","","","t","2"
"2016-10","Canada","2016A000011124","Bank rate","Percent","239","units ","0","v122530","1.2","0.75","","","","2"
"2016-10","Canada","2016A000011124","Average residential mortgage lending rate: 5 year","Percent","239","units ","0","v122497","1.69","3.68","","","t","2"
"2016-11","Canada","2016A000011124","Bank rate","Percent","239","units ","0","v122530","1.2","0.75","","","","2"
"2016-11","Canada","2016A000011124","Average residential mortgage lending rate: 5 year","Percent","239","units ","0","v122497","1.69","3.70","","","t","2"
"2016-12","Canada","2016A000011124","Bank rate","Percent","239","units ","0","v122530","1.2","0.75","","","","2"
"2016-12","Canada","2016A000011124","Average residential mortgage lending rate: 5 year","Percent","239","units ","0","v122497","1.69","3.74","","","t","2"
"2017-01","Canada","2016A000011124","Bank rate","Percent","239","units ","0","v122530","1.2","0.75","","","","2"
"2017-01","Canada","2016A000011124","Average residential mortgage lending rate: 5 year","Percent","239","units ","0","v122497","1.69","3.73","","","t","2"
"2017-02","Canada","2016A000011124","Bank rate","Percent","239","units ","0","v122530","1.2","0.75","","","","2"
"2017-02","Canada","2016A000011124","Average residential mortgage lending rate: 5 year","Percent","239","units ","0","v122497","1.69","3.75","","","t","2"
"2017-03","Canada","2016A000011124","Bank rate","Percent","239","units ","0","v122530","1.2","0.75","","","","2"
"2017-03","Canada","2016A000011124","Average residential mortgage lending rate: 5 year","Percent","239","units ","0","v122497","1.69","3.66","","","t","2"
"2017-04","Canada","2016A000011124","Bank rate","Percent","239","units ","0","v122530","1.2","0.75","","","","2"
"2017-04","Canada","2016A000011124","Average residential mortgage lending rate: 5 year","Percent","239","units ","0","v122497","1.69","3.62","","","t","2"
"2017-05","Canada","2016A000011124","Bank rate","Percent","239","units ","0","v122530","1.2","0.75","","","","2"
"2017-05","Canada","2016A000011124","Average residential mortgage lending rate: 5 year","Percent","239","units ","0","v122497","1.69","3.59","","","t","2"
"2017-06","Canada","2016A000011124","Bank rate","Percent","239","units ","0","v122530","1.2","0.75","","","","2"
"2017-06","Canada","2016A000011124","Average residential mortgage lending rate: 5 year","Percent","239","units ","0","v122497","1.69","3.60","","","t","2"
"2017-07","Canada","2016A000011124","Bank rate","Percent","239","units ","0","v122530","1.2","1.00","","","","2"
"2017-07","Canada","2016A000011124","Average residential mortgage lending rate: 5 year","Percent","239","units ","0","v122497","1.69","3.72","","","t","2"
"2017-08","Canada","2016A000011124","Bank rate","Percent","239","units ","0","v122530","1.2","1.00","","","","2"
"2017-08","Canada","2016A000011124","Average residential mortgage lending rate: 5 year","Percent","239","units ","0","v122497","1.69","3.82","","","t","2"
"2017-09","Canada","2016A000011124","Bank rate","Percent","239","units ","0","v122530","1.2","1.25","","","","2"
"2017-09","Canada","2016A000011124","Average residential mortgage lending rate: 5 year","Percent","239","units ","0","v122497","1.69","3.89","","","t","2"
"2017-10","Canada","2016A000011124","Bank rate","Percent","239","units ","0","v122530","1.2","1.25","","","","2"
"2017-10","Canada","2016A000011124","Average residential mortgage lending rate: 5 year","Percent","239","units ","0","v122497","1.69","3.98","","","t","2"
"2017-11","Canada","2016A000011124","Bank rate","Percent","239","units ","0","v122530","1.2","1.25","","","","2"
"2017-11","Canada","2016A000011124","Average residential mortgage lending rate: 5 year","Percent","239","units ","0","v122497","1.69","4.04","","","t","2"
"2017-12","Canada","2016A000011124","Bank rate","Percent","239","units ","0","v122530","1.2","1.25","","","","2"
"2017-12","Canada","2016A000011124","Average residential mortgage lending rate: 5 year","Percent","239","units ","0","v122497","1.69","","..","","t","2"
"2018-01","Canada","2016A000011124","Bank rate","Percent","239","units ","0","v122530","1.2","1.50","","","","2"
"2018-02","Canada","2016A000011124","Bank rate","Percent","239","units ","0","v122530","1.2","1.50","","","","2"
"2018-03","Canada","2016A000011124","Bank rate","Percent","239","units ","0","v122530","1.2","1.50","","","","2"
"2018-04","Canada","2016A000011124","Bank rate","Percent","239","units ","0","v122530","1.2","1.50","","","","2"
"2018-05","Canada","2016A000011124","Bank rate","Percent","239","units ","0","v122530","1.2","1.50","","","","2"
"2018-05","Canada","2016A000011124","Average residential mortgage lending rate: 5 year","Percent","239","units ","0","v122497","1.69","","..","","t","2"
"2018-06","Canada","2016A000011124","Bank rate","Percent","239","units ","0","v122530","1.2","1.50","","","","2"
"2018-06","Canada","2016A000011124","Average residential mortgage lending rate: 5 year","Percent","239","units ","0","v122497","1.69","","..","","t","2"
"2018-07","Canada","2016A000011124","Bank rate","Percent","239","units ","0","v122530","1.2","1.75","","","","2"
"2018-07","Canada","2016A000011124","Average residential mortgage lending rate: 5 year","Percent","239","units ","0","v122497","1.69","","..","","t","2"
